node_id,x,y,type
N00,0.00,0.00,traffic_light
N10,150.00,0.00,priority
N20,300.00,0.00,traffic_light
N30,450.00,0.00,priority
N40,600.00,0.00,traffic_light
N01,0.00,150.00,priority
N11,150.00,150.00,priority
N21,300.00,150.00,priority
N31,450.00,150.00,priority
N41,600.00,150.00,priority
N02,0.00,300.00,traffic_light
N12,150.00,300.00,priority
N22,300.00,300.00,traffic_light
N32,450.00,300.00,priority
N42,600.00,300.00,traffic_light
N03,0.00,450.00,priority
N13,150.00,450.00,priority
N23,300.00,450.00,priority
N33,450.00,450.00,priority
N43,600.00,450.00,priority
N04,0.00,600.00,traffic_light
N14,150.00,600.00,priority
N24,300.00,600.00,traffic_light
N34,450.00,600.00,priority
N44,600.00,600.00,traffic_light
GATE_S,300.00,-160.00,priority
GATE_N,300.00,760.00,priority
GATE_W,-160.00,300.00,priority
GATE_E,760.00,300.00,priority
DEPOT,300.00,-80.00,priority
