edge_id,from_node,to_node,road_type,num_lanes,speed_kmh,length_m,priority
E_N00_N10,N00,N10,campus_main,2,20.0,150.0,10
E_N00_N10_R,N10,N00,campus_main,2,20.0,150.0,10
E_N10_N20,N10,N20,campus_main,2,20.0,150.0,10
E_N10_N20_R,N20,N10,campus_main,2,20.0,150.0,10
E_N20_N30,N20,N30,campus_main,2,20.0,150.0,10
E_N20_N30_R,N30,N20,campus_main,2,20.0,150.0,10
E_N30_N40,N30,N40,campus_main,2,20.0,150.0,10
E_N30_N40_R,N40,N30,campus_main,2,20.0,150.0,10
E_N01_N11,N01,N11,campus_secondary,1,15.0,150.0,5
E_N01_N11_R,N11,N01,campus_secondary,1,15.0,150.0,5
E_N11_N21,N11,N21,campus_secondary,1,15.0,150.0,5
E_N11_N21_R,N21,N11,campus_secondary,1,15.0,150.0,5
E_N21_N31,N21,N31,campus_secondary,1,15.0,150.0,5
E_N21_N31_R,N31,N21,campus_secondary,1,15.0,150.0,5
E_N31_N41,N31,N41,campus_secondary,1,15.0,150.0,5
E_N31_N41_R,N41,N31,campus_secondary,1,15.0,150.0,5
E_N02_N12,N02,N12,campus_main,2,20.0,150.0,10
E_N02_N12_R,N12,N02,campus_main,2,20.0,150.0,10
E_N12_N22,N12,N22,campus_main,2,20.0,150.0,10
E_N12_N22_R,N22,N12,campus_main,2,20.0,150.0,10
E_N22_N32,N22,N32,campus_main,2,20.0,150.0,10
E_N22_N32_R,N32,N22,campus_main,2,20.0,150.0,10
E_N32_N42,N32,N42,campus_main,2,20.0,150.0,10
E_N32_N42_R,N42,N32,campus_main,2,20.0,150.0,10
E_N03_N13,N03,N13,campus_secondary,1,15.0,150.0,5
E_N03_N13_R,N13,N03,campus_secondary,1,15.0,150.0,5
E_N13_N23,N13,N23,campus_secondary,1,15.0,150.0,5
E_N13_N23_R,N23,N13,campus_secondary,1,15.0,150.0,5
E_N23_N33,N23,N33,campus_secondary,1,15.0,150.0,5
E_N23_N33_R,N33,N23,campus_secondary,1,15.0,150.0,5
E_N33_N43,N33,N43,campus_secondary,1,15.0,150.0,5
E_N33_N43_R,N43,N33,campus_secondary,1,15.0,150.0,5
E_N04_N14,N04,N14,campus_main,2,20.0,150.0,10
E_N04_N14_R,N14,N04,campus_main,2,20.0,150.0,10
E_N14_N24,N14,N24,campus_main,2,20.0,150.0,10
E_N14_N24_R,N24,N14,campus_main,2,20.0,150.0,10
E_N24_N34,N24,N34,campus_main,2,20.0,150.0,10
E_N24_N34_R,N34,N24,campus_main,2,20.0,150.0,10
E_N34_N44,N34,N44,campus_main,2,20.0,150.0,10
E_N34_N44_R,N44,N34,campus_main,2,20.0,150.0,10
E_N00_N01,N00,N01,campus_main,2,20.0,150.0,10
E_N00_N01_R,N01,N00,campus_main,2,20.0,150.0,10
E_N01_N02,N01,N02,campus_main,2,20.0,150.0,10
E_N01_N02_R,N02,N01,campus_main,2,20.0,150.0,10
E_N02_N03,N02,N03,campus_main,2,20.0,150.0,10
E_N02_N03_R,N03,N02,campus_main,2,20.0,150.0,10
E_N03_N04,N03,N04,campus_main,2,20.0,150.0,10
E_N03_N04_R,N04,N03,campus_main,2,20.0,150.0,10
E_N10_N11,N10,N11,campus_secondary,1,15.0,150.0,5
E_N10_N11_R,N11,N10,campus_secondary,1,15.0,150.0,5
E_N11_N12,N11,N12,campus_secondary,1,15.0,150.0,5
E_N11_N12_R,N12,N11,campus_secondary,1,15.0,150.0,5
E_N12_N13,N12,N13,campus_secondary,1,15.0,150.0,5
E_N12_N13_R,N13,N12,campus_secondary,1,15.0,150.0,5
E_N13_N14,N13,N14,campus_secondary,1,15.0,150.0,5
E_N13_N14_R,N14,N13,campus_secondary,1,15.0,150.0,5
E_N20_N21,N20,N21,campus_main,2,20.0,150.0,10
E_N20_N21_R,N21,N20,campus_main,2,20.0,150.0,10
E_N21_N22,N21,N22,campus_main,2,20.0,150.0,10
E_N21_N22_R,N22,N21,campus_main,2,20.0,150.0,10
E_N22_N23,N22,N23,campus_main,2,20.0,150.0,10
E_N22_N23_R,N23,N22,campus_main,2,20.0,150.0,10
E_N23_N24,N23,N24,campus_main,2,20.0,150.0,10
E_N23_N24_R,N24,N23,campus_main,2,20.0,150.0,10
E_N30_N31,N30,N31,campus_secondary,1,15.0,150.0,5
E_N30_N31_R,N31,N30,campus_secondary,1,15.0,150.0,5
E_N31_N32,N31,N32,campus_secondary,1,15.0,150.0,5
E_N31_N32_R,N32,N31,campus_secondary,1,15.0,150.0,5
E_N32_N33,N32,N33,campus_secondary,1,15.0,150.0,5
E_N32_N33_R,N33,N32,campus_secondary,1,15.0,150.0,5
E_N33_N34,N33,N34,campus_secondary,1,15.0,150.0,5
E_N33_N34_R,N34,N33,campus_secondary,1,15.0,150.0,5
E_N40_N41,N40,N41,campus_main,2,20.0,150.0,10
E_N40_N41_R,N41,N40,campus_main,2,20.0,150.0,10
E_N41_N42,N41,N42,campus_main,2,20.0,150.0,10
E_N41_N42_R,N42,N41,campus_main,2,20.0,150.0,10
E_N42_N43,N42,N43,campus_main,2,20.0,150.0,10
E_N42_N43_R,N43,N42,campus_main,2,20.0,150.0,10
E_N43_N44,N43,N44,campus_main,2,20.0,150.0,10
E_N43_N44_R,N44,N43,campus_main,2,20.0,150.0,10
E_GATE_S_DEPOT,GATE_S,DEPOT,campus_gate,1,10.0,80.0,20
E_GATE_S_DEPOT_R,DEPOT,GATE_S,campus_gate,1,10.0,80.0,20
E_DEPOT_N20,DEPOT,N20,campus_gate,1,10.0,80.0,20
E_DEPOT_N20_R,N20,DEPOT,campus_gate,1,10.0,80.0,20
E_GATE_N_N24,GATE_N,N24,campus_gate,1,10.0,160.0,20
E_GATE_N_N24_R,N24,GATE_N,campus_gate,1,10.0,160.0,20
E_GATE_W_N02,GATE_W,N02,campus_gate,1,10.0,160.0,20
E_GATE_W_N02_R,N02,GATE_W,campus_gate,1,10.0,160.0,20
E_GATE_E_N42,GATE_E,N42,campus_gate,1,10.0,160.0,20
E_GATE_E_N42_R,N42,GATE_E,campus_gate,1,10.0,160.0,20
