station_id,name,category,x,y,edge_id,lane_id,start_pos,end_pos,berth_length_m,berth_capacity
ST01,南苑学生宿舍,学生宿舍,220.0,0.0,E_N10_N20,E_N10_N20_0,55,85,30,4
ST02,图书馆,公共建筑,220.0,150.0,E_N11_N21,E_N11_N21_0,55,85,30,4
ST03,第一食堂,生活服务,370.0,150.0,E_N21_N31,E_N21_N31_0,55,85,30,4
ST04,教学楼A,教学楼,220.0,300.0,E_N12_N22,E_N12_N22_0,55,85,30,4
ST05,实验楼,教学楼,70.0,300.0,E_N02_N12,E_N02_N12_0,55,85,30,4
ST06,行政楼,办公楼,370.0,300.0,E_N22_N32,E_N22_N32_0,55,85,30,4
ST07,体育馆,体育设施,520.0,300.0,E_N32_N42,E_N32_N42_0,55,85,30,4
ST08,教学楼B,教学楼,370.0,450.0,E_N23_N33,E_N23_N33_0,55,85,30,4
ST09,北苑学生宿舍,学生宿舍,220.0,450.0,E_N13_N23,E_N13_N23_0,55,85,30,4
ST10,学生活动中心,公共建筑,520.0,150.0,E_N31_N41,E_N31_N41_0,55,85,30,4
ST11,国际交流中心,公共建筑,520.0,450.0,E_N33_N43,E_N33_N43_0,55,85,30,4
ST12,西区教师公寓,教工住宅,70.0,150.0,E_N01_N11,E_N01_N11_0,55,85,30,4
DEPOT,校园配送中心,配送中心,300.00,-80.00,E_DEPOT_N20,E_DEPOT_N20_0,10,60,50,6
